id,ordnungsnummer,klasse,kurzbezeichnung,langbezeichnung,kategorie,synonyme,pumpe,besatzung,gesamtmasse,loeschwasser,hauptaufgabe,din_ref,antrieb,beschreibung,verwendung
kdow,10,Führungs- und Mannschaftsfahrzeuge,KdoW,Kommandowagen,Führungsfahrzeug,Kommandowagen;Kdow,,Trupp (0/1/1/2),"ca. 3 t",,Führung,DIN 14507-5,Straße,"Pkw oder Kombi als schnelles Führungsfahrzeug für kleine Einsätze. Transportiert Führungskräfte mit Funk, Handscheinwerfern und Führungsmaterial.","Erkundung und Koordination kleiner Einsätze, Zubringer für Führungskräfte"
elw-1,10,Führungs- und Mannschaftsfahrzeuge,ELW 1,Einsatzleitwagen 1,Führungsfahrzeug,Einsatzleitwagen;ELW,,bis 1/3,"ca. 4,6 t",,Führung,DIN 14507-2,Straße,"Führungsfahrzeug auf Kastenwagenbasis mit Funkarbeitsplatz und Führungsmitteln. Bildet die erste Führungsstelle an der Einsatzstelle.","Leitung von Einsätzen bis Zugstärke, mobile Funk- und Führungsstelle"
elw-2,10,Führungs- und Mannschaftsfahrzeuge,ELW 2,Einsatzleitwagen 2,Führungsfahrzeug,Einsatzleitwagen 2,,variabel (Stab),"ca. 11 t",,Führung,DIN 14507-3,Straße,"Großer Einsatzleitwagen mit mehreren Funk- und Sachgebietsarbeitsplätzen für die Stabsarbeit. Dient als ortsfeste Führungsstelle für Verbände.","Führung von Großschadenslagen und Verbänden, Stabsraum vor Ort"
elw-3,10,Führungs- und Mannschaftsfahrzeuge,ELW 3,Einsatzleitwagen 3,Führungsfahrzeug,Einsatzleitwagen 3,,variabel (Stab),">12 t",,Führung,ehem. DIN 14507-4 (nicht mehr genormt),Straße,"Größte Führungsstelle für Katastrophen- und Größtschadenslagen mit Platz für einen kompletten Stab. Heute nicht mehr genormt, oft durch Abrollbehälter Einsatzleitung ersetzt.","Mobile Kommandozentrale bei Katastrophen und Größtschadenslagen"
mtf,10,Führungs- und Mannschaftsfahrzeuge,MTF,Mannschaftstransportfahrzeug,Mannschaftstransport,MTW;Mannschaftstransportwagen,,bis Gruppe (0/1/8/9),"ca. 4,5 t",,Mannschaftstransport,,Straße,"Kleinbus zum Transport von Einsatzkräften und Material. Meist ein handelsübliches Serienfahrzeug mit blauer Kennzeichnung.","Personentransport, Nachschub, Jugendfeuerwehr und logistische Aufgaben"
tlf-2000,20,Tank- und Löschfahrzeuge,TLF 2000,Tanklöschfahrzeug 2000,Tanklöschfahrzeug,,FPN 10-2000,Trupp (0/1/2/3),"ca. 10 t",2000 l,Brandbekämpfung,DIN 14530-18,Allrad,"Wendiges Tanklöschfahrzeug mit 2000 l Wassertank, häufig für die Vegetations- und Waldbrandbekämpfung genutzt.","Schnellangriff und Löschwasserversorgung, Wald- und Flächenbrand"
tlf-3000,20,Tank- und Löschfahrzeuge,TLF 3000,Tanklöschfahrzeug 3000,Tanklöschfahrzeug,,FPN 10-2000,Trupp (0/1/2/3),16 t,3000 l,Brandbekämpfung,DIN 14530-22,Allrad,"Tanklöschfahrzeug mit 3000 l Wasser für den unabhängigen Löschangriff und die Wasserversorgung im Pendelverkehr.","Schnellangriff mit großem Wasservorrat, Löschwasserversorgung"
tlf-4000,20,Tank- und Löschfahrzeuge,TLF 4000,Tanklöschfahrzeug 4000,Tanklöschfahrzeug,,FPN 10-2000,Trupp (0/1/2/3),">16 t",4000 l + 500 l Schaummittel,Brandbekämpfung,DIN 14530-21,Allrad,"Großes Tanklöschfahrzeug mit 4000 l Wasser und 500 l Schaummittel für lang anhaltende oder wasserarme Einsatzstellen.","Löschwasserversorgung im Pendelverkehr, Großbrände, Waldbrand"
gtlf,20,Tank- und Löschfahrzeuge,GTLF,Großtanklöschfahrzeug,Tanklöschfahrzeug,Großtanklöschfahrzeug,FPN 10-2000,Trupp (0/1/1/2),">18 t",ab 8000 l,Brandbekämpfung,nicht genormt,Straße/Allrad,"Sonderfahrzeug mit sehr großem Löschmittelvorrat, oft mit Werfer. Verbreitet bei Werk- und Flughafenfeuerwehren.","Großbrände, Industrie- und Flugzeugbrände, mobiler Löschwasservorrat"
dlk-23-12,30,Hubrettungsfahrzeuge,DLK 23,Drehleiter mit Korb 23-12,Drehleiter,DLK 23/12;DLAK 23-12;Drehleiter,,Trupp (0/1/2/3),16 t,,Rettungstechnik,DIN EN 14043,Straße,"Verbreitetste Drehleiter mit Rettungskorb, Nennrettungshöhe 23 m bei 12 m Ausladung. Standard-Hubrettungsfahrzeug der Feuerwehren.","Menschenrettung aus Höhen, Anleitern, Arbeiten unter Höhe"
dlk-18-12,30,Hubrettungsfahrzeuge,DLK 18,Drehleiter mit Korb 18-12,Drehleiter,DLK 18/12;DLAK 18-12,,Trupp (0/1/2/3),14 t,,Rettungstechnik,DIN EN 14043,Straße,"Kompaktere Drehleiter mit 18 m Nennrettungshöhe für beengte Einsatzräume und leichtere Fahrgestelle.","Menschenrettung und Anleitern in enger Bebauung"
dlk-12-9,30,Hubrettungsfahrzeuge,DLK 12,Drehleiter mit Korb 12-9,Drehleiter,DLK 12/9;DLAK 12-9,,Trupp (0/1/2/3),13 t,,Rettungstechnik,DIN EN 14043,Straße,"Kleinste genormte Drehleiter mit 12 m Nennrettungshöhe auf leichtem Fahrgestell.","Anleitern niedriger Gebäude, Einsätze mit begrenztem Platz"
tgm-23-12,30,Hubrettungsfahrzeuge,TGM 23/12,Teleskopgelenkmast 23-12,Hubarbeitsbühne,Teleskopmast;TMB;Teleskopgelenkmast,,Trupp (0/1/1/2),16 t,,Rettungstechnik,DIN EN 1777,Straße,"Hubrettungsfahrzeug mit gelenkigem Teleskoparm und Korb, das auch über Hindernisse hinweg arbeiten kann.","Menschenrettung und Arbeiten in Höhe, Brandbekämpfung vom Korb"
tsf,40,Löschgruppen- und Tragkraftspritzenfahrzeuge,TSF,Tragkraftspritzenfahrzeug,Tragkraftspritzenfahrzeug,Tragkraftspritzenfahrzeug,PFPN 10-1000,Staffel (0/1/5/6),"4,75 t",,Brandbekämpfung,DIN 14530-16,Straße,"Kleines Löschfahrzeug ohne Wassertank, das eine tragbare Tragkraftspritze und Beladung für eine Gruppe mitführt.","Brandbekämpfung mit unabhängiger Wasserentnahme, Grundschutz kleiner Wehren"
tsf-w,40,Löschgruppen- und Tragkraftspritzenfahrzeuge,TSF-W,Tragkraftspritzenfahrzeug mit Wasser,Tragkraftspritzenfahrzeug,TSF-W,PFPN 10-1000,Staffel (0/1/5/6),"7,5 t",500 bis 750 l,Brandbekämpfung,DIN 14530-17,Straße,"Tragkraftspritzenfahrzeug mit kleinem Löschwassertank und Schnellangriff für den sofortigen Erstangriff.","Erstangriff mit eigenem Wasser, Grundschutz kleiner und mittlerer Wehren"
klf,40,Löschgruppen- und Tragkraftspritzenfahrzeuge,KLF,Kleinlöschfahrzeug,Löschfahrzeug,Kleinlöschfahrzeug,PFPN 10-1000,Staffel (0/1/5/6),"4,75 t",500 l,Brandbekämpfung,DIN 14530-24,Straße,"Sehr leichtes Löschfahrzeug auf Kastenwagen mit Tragkraftspritze und kleinem Wassertank. Mit 4,75 t für die normale Fahrerlaubnis geeignet.","Erstmaßnahmen und Entstehungsbrände in kleinen Wehren"
mlf,40,Löschgruppen- und Tragkraftspritzenfahrzeuge,MLF,Mittleres Löschfahrzeug,Löschfahrzeug,Mittleres Löschfahrzeug,FPN 10-1000,Staffel (0/1/5/6),9 t,600 bis 1000 l,Brandbekämpfung,DIN 14530-25,Straße/Allrad,"Lücke zwischen TSF-W und LF 10 mit fest eingebauter Pumpe, Wassertank und Staffelbesatzung.","Brandbekämpfung und einfache Hilfeleistung als selbstständige taktische Einheit"
lf-10,40,Löschgruppen- und Tragkraftspritzenfahrzeuge,LF 10,Löschgruppenfahrzeug 10,Löschgruppenfahrzeug,LF 10/6,FPN 10-1000,Gruppe (0/1/8/9),14 t,1200 l,Brandbekämpfung / Technische Hilfeleistung,DIN 14530-5,Straße/Allrad,"Vielseitiges Löschgruppenfahrzeug mit Gruppenbesatzung, Pumpe, Tank und Beladung für Brand und einfache Hilfeleistung.","Standard-Löschfahrzeug mittlerer Wehren, Brandbekämpfung und TH"
lf-20,40,Löschgruppen- und Tragkraftspritzenfahrzeuge,LF 20,Löschgruppenfahrzeug 20,Löschgruppenfahrzeug,LF 20/16,FPN 10-2000,Gruppe (0/1/8/9),16 t,2000 l,Brandbekämpfung / Technische Hilfeleistung,DIN 14530-11,Straße/Allrad,"Leistungsstarkes Löschgruppenfahrzeug mit großer Pumpe und 2000 l Tank. Rückgrat vieler Löschzüge.","Universelles Löschfahrzeug für Brandbekämpfung und technische Hilfeleistung"
lf-20-kats,40,Löschgruppen- und Tragkraftspritzenfahrzeuge,LF 20 KatS,Löschgruppenfahrzeug 20 für den Katastrophenschutz,Löschgruppenfahrzeug,LF-KatS,FPN 10-2000,Gruppe (0/1/8/9),16 t,ab 1000 l,Brandbekämpfung / Technische Hilfeleistung,DIN 14530-11,Allrad,"Robuste, geländegängige Variante des LF 20 für den Katastrophenschutz mit reduziertem Tank und erweiterter Beladung.","Überörtliche Hilfe, Wald- und Flächenbrand, Katastrophenschutz"
hlf-10,40,Löschgruppen- und Tragkraftspritzenfahrzeuge,HLF 10,Hilfeleistungslöschgruppenfahrzeug 10,Hilfeleistungslöschgruppenfahrzeug,HLF 10/6,FPN 10-1000,Gruppe (0/1/8/9),14 t,1000 l,Brandbekämpfung / Technische Hilfeleistung,DIN 14530-26,Straße/Allrad,"LF 10 mit erweiterter Beladung zur technischen Hilfeleistung, etwa hydraulischem Rettungssatz.","Kombinierter Brand- und Hilfeleistungseinsatz, Verkehrsunfälle"
hlf-20,40,Löschgruppen- und Tragkraftspritzenfahrzeuge,HLF 20,Hilfeleistungslöschgruppenfahrzeug 20,Hilfeleistungslöschgruppenfahrzeug,HLF 20/16,FPN 10-2000,Gruppe (0/1/8/9),16 t,1600 l,Brandbekämpfung / Technische Hilfeleistung,DIN 14530-27,Straße/Allrad,"LF 20 mit vollständiger Ausstattung zur technischen Hilfeleistung inklusive Rettungssatz. Sehr verbreitetes Erstangriffsfahrzeug.","Erstangriff bei Bränden und Verkehrsunfällen, universelle Hilfeleistung"
rw,50,Rüst- und Gerätewagen,RW,Rüstwagen,Rüstwagen,Rüstwagen,,Trupp (0/1/2/3),16 t,,Technische Hilfeleistung,DIN 14555-3,Allrad,"Fahrzeug für technische Hilfeleistung größeren Umfangs mit Seilwinde, Generator und umfangreichem Gerät. Kern des Rüstzuges.","Schwere technische Hilfeleistung, Verkehrs- und Bauunfälle"
vrw,50,Rüst- und Gerätewagen,VRW,Vorausrüstwagen,Rüstwagen,Vorausrüstwagen,,Trupp (0/1/2/3),"ca. 5,5 t",,Technische Hilfeleistung,nicht genormt,Straße,"Kleines, schnelles Fahrzeug mit Rettungssatz und Erstausstattung, das vor den schweren Fahrzeugen eintrifft.","Schneller Erstangriff bei technischer Hilfeleistung"
gw-g,50,Rüst- und Gerätewagen,GW-G,Gerätewagen Gefahrgut,Gerätewagen,Gerätewagen Gefahrgut;GW-Gefahrgut,,Trupp (0/1/1/2 oder 0/1/2/3),16 t,,Gefahrguteinsatz,DIN 14555-12,Straße/Allrad,"Gerätewagen mit spezieller Ausrüstung für Gefahrguteinsätze wie Chemikalienschutzanzügen, Auffang- und Dichtmaterial.","Abwehr chemischer Gefahren, Auffangen und Abdichten von Gefahrstoffen"
gw-l1,50,Rüst- und Gerätewagen,GW-L1,Gerätewagen Logistik 1,Gerätewagen,Gerätewagen Logistik;GW-Logistik 1,,Trupp (0/1/2/3),"7,5 t",,Logistik,DIN 14555-21,Straße,"Leichter Logistikwagen zum Transport von Gerät und Material zur Einsatzstelle, ergänzt um Beladungsmodule.","Einsatzstellenversorgung mit Geräten und Material"
gw-l2,50,Rüst- und Gerätewagen,GW-L2,Gerätewagen Logistik 2,Gerätewagen,Gerätewagen Logistik 2;GW-Logistik 2,,Staffel (0/1/5/6),16 t,,Logistik,DIN 14555-22,Allrad,"Größerer Logistikwagen mit Ladebordwand und Rollcontainern; mit Modul Wasserversorgung Ersatz für den Schlauchwagen 2000.","Nachschub, Materialtransport und Löschwasserversorgung über Module"
gw-mess,50,Rüst- und Gerätewagen,GW-Mess,Gerätewagen Messtechnik,Gerätewagen,Gerätewagen Messtechnik;GW-Messtechnik,,Trupp (0/1/2/3),"ca. 7,5 t",,ABC-Messtechnik,,Straße,"Gerätewagen mit Mess- und Nachweisgeräten zur Erkundung von Schadstoffen in Luft, Wasser und Boden.","Messen und Bewerten von Gefahrstoffausbreitungen im ABC-Einsatz"
sw-1000,60,Schlauchwagen und Wechsellader,SW 1000,Schlauchwagen 1000,Schlauchwagen,Schlauchwagen 1000,,Trupp (0/1/2/3),"ca. 7 t",,Wasserversorgung,ältere Norm,Straße,"Schlauchwagen mit rund 1000 m B-Schlauch zum Aufbau langer Förderstrecken.","Aufbau langer Wasserförderstrecken über Wegstrecke"
sw-2000,60,Schlauchwagen und Wechsellader,SW 2000,Schlauchwagen 2000 mit Truppbesatzung,Schlauchwagen,SW 2000-Tr;Schlauchwagen 2000,PFPN 8-800,Trupp (0/1/2/3),"ca. 11 t",,Wasserversorgung,Katastrophenschutz (BBK),Allrad,"Allrad-Schlauchwagen mit 2000 m B-Schlauch und Tragkraftspritze, vom Bund für den Katastrophenschutz beschafft.","Aufbau langer Förderstrecken, Wasserversorgung über weite Strecken"
wlf,60,Schlauchwagen und Wechsellader,WLF,Wechselladerfahrzeug,Wechselladerfahrzeug,Wechselladerfahrzeug;WLF;Abrollkipper,,Trupp (0/1/1/2),">16 t",,Logistik,DIN 14505,Straße/Allrad,"Trägerfahrzeug für austauschbare Abrollbehälter (z. B. Atemschutz, Gefahrgut, Mulde, Einsatzleitung). Sehr wirtschaftliches Baukastenprinzip.","Transport wechselnder Abrollbehälter je nach Einsatzlage"
fwk,70,Sonstige Feuerwehrfahrzeuge,FwK,Feuerwehrkran,Kranfahrzeug,Feuerwehrkran;Kranwagen,,Trupp (0/1/1/2),">16 t",,Technische Hilfeleistung,nicht genormt,Allrad,"Mobiler Autokran der Feuerwehr zum Heben schwerer Lasten, etwa bei Lkw-Unfällen oder Bauunglücken.","Heben und Bewegen schwerer Lasten bei technischer Hilfeleistung"
gw-hoehenrettung,70,Sonstige Feuerwehrfahrzeuge,GW-Höhenrettung,Gerätewagen Höhenrettung,Gerätewagen,Gerätewagen Höhenrettung;GW-Höhe,,Trupp (0/1/2/3),"ca. 7,5 t",,Rettungstechnik,,Straße,"Gerätewagen mit seiltechnischer Ausrüstung für die Höhenrettungsgruppe zur Rettung aus Höhen und Tiefen.","Rettung aus Höhen und Tiefen über Seiltechnik"
rtw,80,Rettungsdienstfahrzeuge,RTW,Rettungswagen,Rettungsmittel,Rettungswagen,,0/0/2/2,"ca. 5 t",,Notfallrettung,DIN EN 1789,Straße,"Rettungswagen zur notfallmedizinischen Versorgung und zum Transport von Notfallpatienten. Bei vielen Berufsfeuerwehren im Rettungsdienst.","Notfallrettung und qualifizierter Patiententransport"
nef,80,Rettungsdienstfahrzeuge,NEF,Notarzteinsatzfahrzeug,Rettungsmittel,Notarzteinsatzfahrzeug,,0/0/2/2,"ca. 3 t",,Notfallrettung,DIN 75079,Straße,"Schnelles Fahrzeug, das den Notarzt zum Einsatzort bringt (Rendezvous-System) und medizinisches Gerät mitführt.","Zubringer für den Notarzt, notfallmedizinische Ausrüstung"
ktw,80,Rettungsdienstfahrzeuge,KTW,Krankentransportwagen,Rettungsmittel,Krankentransportwagen,,0/0/2/2,"ca. 3,5 t",,Krankentransport,DIN EN 1789,Straße,"Fahrzeug für den Transport nicht akut lebensbedrohlich erkrankter oder verletzter Personen.","Krankentransport und einfache Betreuung von Patienten"
abc-erkkw,90,ABC-Dienst und zur besonderen Verfügung,ABC-ErkKW,ABC-Erkundungskraftwagen,ABC-Fahrzeug,ABC-ErkKW;ABC-Erkunder,,Trupp (0/1/3),"ca. 5 t",,ABC-Erkundung,Katastrophenschutz (Bund),Allrad,"Geländegängiges Fahrzeug mit fest eingebauter Mess- und Spürtechnik zur Erkundung von ABC-Gefahren.","Aufspüren und Messen radiologischer und chemischer Gefahren"
dekon-p,90,ABC-Dienst und zur besonderen Verfügung,Dekon-P,Dekontaminationsfahrzeug Personen,ABC-Fahrzeug,Dekon-P;Dekontamination Personen,,Trupp/Staffel,"ca. 11 t",,Dekontamination,Katastrophenschutz (Bund),Allrad,"Fahrzeug mit Duschzelt und Ausstattung zur Dekontamination von Einsatzkräften und Betroffenen.","Aufbau der Personendekontamination im ABC-Einsatz"
gw-dekon,90,ABC-Dienst und zur besonderen Verfügung,GW-Dekon-G,Gerätewagen Dekontamination Gerät,ABC-Fahrzeug,GW-Dekon;Gerätewagen Dekontamination,,Trupp (0/1/2/3),"ca. 11 t",,Dekontamination,,Allrad,"Gerätewagen zur Dekontamination von Gerät, Fahrzeugen und Material nach einem ABC-Einsatz.","Dekontamination von Gerät und Ausrüstung"
