name,synonyme,kurzzeichen,kategorie,unterkategorie,beschreibung,verwendung,typischer_container,ist_behälter,typische_fahrzeuge,din_ref,einheit_menge,region,quelle_konfidenz
Druckschlauch B,B-Schlauch;B-Druckschlauch,B,Schläuche & Armaturen,Druckschläuche,"Druckschlauch 75 mm für die Förderung großer Wassermengen, meist 20 m Rollen","Hauptförderleitung von der Pumpe zum Verteiler oder Werfer",Schlauchtragekorb,nein,LF 20;HLF 20;TLF;TSF-W;LF 10,DIN 14811,Rolle 20 m,DE,hoch
Druckschlauch C,C-Schlauch;C-Druckschlauch;C42;C52,C,Schläuche & Armaturen,Druckschläuche,"Druckschlauch 42/52 mm für den Angriffstrupp, handlich am Rohr","Angriffsleitung vom Verteiler zum Strahlrohr",Schlauchtragekorb,nein,LF 20;HLF 20;TLF;TSF-W;MLF,DIN 14811,Rolle 15 m,DE,hoch
Druckschlauch D,D-Schlauch,D,Schläuche & Armaturen,Druckschläuche,Dünner Druckschlauch 25 mm für kleine Löscheinsätze,Leichte Löschleitung z. B. mit Kübelspritze oder D-Rohr,,nein,LF 20;HLF 20;TSF,DIN 14811,Rolle 15 m,DE,hoch
Saugschlauch A,A-Saugschlauch;Saugschlauch,A,Schläuche & Armaturen,Saugschläuche,"Formstabiler Saugschlauch 110 mm mit Spirale, kuppelbar","Wasserentnahme aus offenem Gewässer (Saugbetrieb)",,nein,LF 20;TLF;TSF-W,DIN 14810,Stück,DE,hoch
Formstabiler Druckschlauch S,S-Schlauch;formstabiler Schlauch,S,Schläuche & Armaturen,Druckschläuche,Knickstabiler Druckschlauch der auch leer die Form hält,Schnellangriff / Erstangriffsleitung,Schnellangriffseinrichtung,nein,HLF 20;TLF,,Rolle,DE,mittel
Verteiler,Dreiwegeverteiler;B-Verteiler;BV,B-CBC,Schläuche & Armaturen,Verteilarmaturen,"Teilt eine B-Zuleitung auf drei Abgänge (2×C, 1×B) mit Absperrhähnen","Aufteilung des Löschwassers auf mehrere Strahlrohre",,nein,LF 20;HLF 20;TLF;TSF-W;LF 10,DIN 14345,Stück,DE,hoch
Sammelstück,Sammelstück A-BB,A-BB,Schläuche & Armaturen,Verteilarmaturen,Führt zwei B-Ströme am A-Sauganschluss der Pumpe zusammen,Wasser aus zwei B-Leitungen in die Pumpe einspeisen,,nein,LF 20;HLF 20;TLF,DIN 14355,Stück,DE,hoch
Standrohr,Überflurstandrohr;Standrohr 2B,2B,Schläuche & Armaturen,Wasserentnahme,Wird auf einen Unterflurhydranten gesetzt und liefert zwei B-Abgänge,Wasserentnahme aus dem Trinkwassernetz (Unterflurhydrant),,nein,LF 20;HLF 20;TLF;TSF-W;LF 10,DIN 14375,Stück,DE,hoch
Übergangsstück,Reduzierstück;Übergangskupplung,,Schläuche & Armaturen,Kupplungen,Verbindet zwei unterschiedliche Storz-Größen (A-B/B-C/C-D),Übergang zwischen verschiedenen Schlauch-/Kupplungsgrößen,,nein,LF 20;HLF 20;TLF,DIN 14342,Stück,DE,mittel
Stützkrümmer,Krümmer;B-Krümmer,,Schläuche & Armaturen,Verteilarmaturen,Krümmer der den Rückstoß am Verteiler/Standrohr aufnimmt,Stabilisiert die B-Leitung am Abgang und schont den Schlauch,,nein,LF 20;HLF 20;TLF,DIN 14360,Stück,DE,mittel
Storz-Kupplung,Festkupplung;Storzkupplung,,Schläuche & Armaturen,Kupplungen,Genormte symmetrische Schnellkupplung (Knaggenkupplung) A/B/C/D,Kuppeln von Schläuchen und Armaturen,,nein,alle,DIN 14301 ff.,Stück,DE,mittel
Blindkupplung,Blinddeckel;Kupplungsdeckel,,Schläuche & Armaturen,Kupplungen,Deckel zum Verschließen einer Storz-Kupplung,Schützt Anschlüsse vor Schmutz / verschließt Abgänge,,nein,alle,,Stück,DE,mittel
Kupplungsschlüssel ABC,Schlüssel ABC;Kupplungsschlüssel,,Schläuche & Armaturen,Werkzeug,Schlüssel zum festen Kuppeln und Lösen von Storz-Kupplungen A/B/C,Kupplungen sicher verbinden und wieder trennen,,nein,alle,DIN 14822,Stück,DE,hoch
Unterflurhydrantenschlüssel,Standrohrschlüssel;Hydrantenschlüssel,,Schläuche & Armaturen,Werkzeug,Schlüssel zum Öffnen der Klaue und der Spindel des Unterflurhydranten,Unterflurhydrant öffnen und Standrohr in Betrieb nehmen,,nein,LF 20;HLF 20;TLF;TSF-W,DIN 3223,Stück,DE,mittel
Überflurhydrantenschlüssel,Oberflurhydrantenschlüssel,,Schläuche & Armaturen,Werkzeug,Schlüssel zum Betätigen der Spindel eines Überflurhydranten,Überflurhydrant in Betrieb nehmen,,nein,LF 20;HLF 20;TLF,,Stück,DE,niedrig
Saugkorb,Saugkorb A;Ansaugkorb,,Schläuche & Armaturen,Wasserentnahme,Korb mit Rückschlagventil am Ende der Saugleitung,Verhindert Rücklauf und hält Grobschmutz beim Saugen fern,,nein,LF 20;TLF;TSF-W,DIN 14362,Stück,DE,mittel
Kupplungsschlüssel-Halteleine,Ventilleine;Kupplungsleine,,Schläuche & Armaturen,Wasserentnahme,Leine zum Öffnen des Rückschlagventils am Saugkorb,Saugkorbventil vom Ufer aus öffnen (Wasser ablassen),,nein,LF 20;TLF,,Stück,DE,niedrig
Schlauchtragekorb,Tragekorb;Schlauchkorb,,Schläuche & Armaturen,Transport,Korb zur Aufnahme fertig gebuchteter C-Schläuche,Schnelles Verlegen der Angriffsleitung,,ja,LF 20;HLF 20;TSF-W,DIN 14827,Stück,DE,mittel
Schlauchbrücke,Schlauchüberführung,,Schläuche & Armaturen,Zubehör,Rampe die über eine verlegte Leitung führt,Schützt Schläuche vor überfahrenden Fahrzeugen,,nein,LF 20;HLF 20;RW,,Stück,DE,mittel
Schlauchhalter,Schlauchband,,Schläuche & Armaturen,Zubehör,Band/Haken zum Fixieren einer Steigleitung,Schlauch an Leitern oder Treppen sichern,,nein,LF 20;HLF 20,,Stück,DE,niedrig
Mehrzweckstrahlrohr C,CM-Strahlrohr;C-Rohr;Mehrzweckrohr,CM,Brandbekämpfung,Strahlrohre,Strahlrohr mit Voll-/Sprühstrahl und Absperrung (Mundstück wechselbar),Formt den Löschstrahl am Ende der C-Leitung,,nein,LF 20;HLF 20;TLF;TSF-W;MLF,DIN 14365,Stück,DE,hoch
Mehrzweckstrahlrohr B,BM-Strahlrohr;B-Rohr,BM,Brandbekämpfung,Strahlrohre,Großes Strahlrohr für hohe Durchflussmengen mit Stützkrümmer,Massiver Löschangriff / großflächige Kühlung,,nein,LF 20;HLF 20;TLF,DIN 14365,Stück,DE,hoch
Mehrzweckstrahlrohr D,DM-Strahlrohr;D-Rohr,DM,Brandbekämpfung,Strahlrohre,Kleines Strahlrohr für die D-Leitung,Löschangriff mit geringer Wassermenge / Nachlöscharbeiten,,nein,LF 20;HLF 20;TSF,DIN 14365,Stück,DE,mittel
Hohlstrahlrohr,HSR;Hohlstrahlrohr C,,Brandbekämpfung,Strahlrohre,"Modernes Strahlrohr mit stufenloser Durchfluss- und Strahlregulierung","Präziser Innenangriff, Sprühbild und Menge fein einstellbar",,nein,HLF 20;LF 20;TLF,,Stück,DE,hoch
Mittelschaumrohr,Schaumrohr M;M-Schaumrohr,M2;M4,Brandbekämpfung,Schaum,Rohr das Wasser-Schaum-Gemisch zu Mittelschaum verschäumt,Flächenbrände und brennbare Flüssigkeiten mit Schaum abdecken,,nein,LF 20;HLF 20;TLF,DIN 14366,Stück,DE,mittel
Schwerschaumrohr,Schaumrohr S;S-Schaumrohr,S2;S4,Brandbekämpfung,Schaum,Rohr für weitwurffähigen Schwerschaum,Löschen von Flüssigkeitsbränden über Distanz,,nein,LF 20;HLF 20;TLF,DIN 14367,Stück,DE,mittel
Zumischer,Schaumzumischer;Z2/Z4,Z2;Z4,Brandbekämpfung,Schaum,Mischt Schaummittel im festen Verhältnis in den Wasserstrom,Herstellung des Wasser-Schaummittel-Gemischs,,nein,LF 20;HLF 20;TLF,DIN 14384,Stück,DE,mittel
Kübelspritze,Wasserlöscher Kübel;KS,,Brandbekämpfung,Kleinlöschgerät,Tragbarer Wasserbehälter mit Handpumpe und D-Schlauch,Kleinbrände und Glutnester ohne großen Aufbau löschen,,nein,LF 20;HLF 20;TSF-W;MLF,DIN 14405,Stück,DE,hoch
Pulverlöscher,ABC-Pulverlöscher;Feuerlöscher PG,PG 12,Brandbekämpfung,Kleinlöschgerät,Tragbarer Feuerlöscher mit ABC-Löschpulver,Erstbekämpfung von Bränden der Klassen A/B/C,,nein,alle,DIN EN 3,Stück,DE,hoch
Kohlendioxidlöscher,CO2-Löscher;Feuerlöscher K,K 5,Brandbekämpfung,Kleinlöschgerät,Feuerlöscher mit Kohlendioxid als Löschmittel,"Brände an elektrischen Anlagen und in Laboren, rückstandsfrei",,nein,RW;GW;ELW,DIN EN 3,Stück,DE,mittel
Feuerpatsche,Löschpatsche,,Brandbekämpfung,Kleinlöschgerät,Gummilappen/Lamellen an einem Stiel,Ausschlagen von Vegetations- und Bodenfeuern,,nein,LF 20;TLF;GW-L,,Stück,DE,mittel
Wärmebildkamera,WBK;Thermalkamera,,Brandbekämpfung,Erkundung,Kamera die Wärmestrahlung sichtbar macht,"Personensuche, Glutnester und Brandausbreitung im Rauch erkennen",,nein,HLF 20;LF 20;ELW,,Stück,DE,hoch
Löschdecke,Feuerlöschdecke,,Brandbekämpfung,Kleinlöschgerät,Nicht brennbare Decke zum Ersticken kleiner Brände,Entstehungsbrände und brennende Personen ersticken,,nein,LF 20;HLF 20;RW,DIN EN 1869,Stück,DE,mittel
Wenderohr,Wasserwerfer;Monitor,,Brandbekämpfung,Strahlrohre,Groß dimensioniertes fernbedien-/richtbares Strahlrohr,Riegelstellung und Abgabe großer Wassermengen,,nein,TLF;GTLF,,Stück,DE,niedrig
Schaummittel,Schaumbildner;Schaumkonzentrat,,Löschmittel,Verbrauchsmittel,Konzentrat das dem Wasser zur Schaumerzeugung zugesetzt wird,Ausgangsstoff für Lösch- und Deckschaum,Schaummittelkanister,nein,LF 20;HLF 20;TLF,,Kanister 20 l,DE,mittel
Netzmittel,Netzmittelzusatz;Class-A-Schaum,,Löschmittel,Verbrauchsmittel,Zusatz der die Oberflächenspannung des Wassers senkt,Bessere Durchdringung bei Glut- und Feststoffbränden,,nein,TLF;LF 20,,Kanister,DE,niedrig
Löschpulver,ABC-Pulver;BC-Pulver,,Löschmittel,Verbrauchsmittel,Feines Löschpulver als Nachfüllung für Pulverlöscher,Nachfüllen und Bevorraten von Pulverlöschern,,nein,GW;RW,,Sack/kg,DE,niedrig
Tragkraftspritze,Motorspritze;TS;PFPN,TS 8/8,Wasserförderung & Pumpen,Pumpen,Tragbare motorbetriebene Feuerlöschkreiselpumpe,Wasserförderung aus offenen Gewässern / Verstärkung,,nein,TSF-W;LF 10;LF 20;GW,DIN 14410,Stück,DE,hoch
Feuerlöschkreiselpumpe,Fahrzeugpumpe;FPN;Heckpumpe,FPN 10-1000,Wasserförderung & Pumpen,Pumpen,Fest eingebaute Kreiselpumpe des Löschfahrzeugs,Förderung des Löschwassers am Fahrzeug,,nein,LF 20;HLF 20;TLF,DIN EN 1028,fest eingebaut,DE,mittel
Tauchpumpe TP 4,TP4;Tauchmotorpumpe,TP 4/1,Wasserförderung & Pumpen,Lenzpumpen,Elektrische Tauchpumpe kleiner Leistung nach DIN,Auspumpen von überfluteten Räumen und Behältern,,nein,LF 20;HLF 20;RW;GW-L,DIN 14425,Stück,DE,hoch
Tauchpumpe TP 8,TP8;Tauchmotorpumpe,TP 8/1,Wasserförderung & Pumpen,Lenzpumpen,Elektrische Tauchpumpe mittlerer Leistung nach DIN,Lenzarbeiten mit höherer Förderleistung,,nein,HLF 20;RW;GW-L,DIN 14425,Stück,DE,hoch
Chiemseepumpe,Schmutzwasserpumpe Chiemsee;Chiemsee-Pumpe;Hochwasserpumpe,,Wasserförderung & Pumpen,Lenzpumpen,"Verstopfungsfreie Schmutzwasser-Tauchpumpe mit großem Durchgang, hohe Fördermenge","Hochwasser- und Schmutzwasserlenz mit Feststoffen (nicht mit TP verwechseln)",,nein,GW-L;RW;Hochwasseranhänger,,Stück,DE (bes. Bayern/AT),hoch
Wasserstrahlpumpe,Ejektor;Turbinentauchpumpe,,Wasserförderung & Pumpen,Lenzpumpen,Pumpe ohne bewegte Teile die per Treibwasserstrahl saugt,Lenzen von Wasser mit Schmutz/Schlamm über die Feuerlöschpumpe,,nein,LF 20;HLF 20,,Stück,DE,mittel
Hydraulische Rettungsschere,Rettungsschere;Schere,,Technische Hilfeleistung,Hydraulische Rettung,Hydraulisch betriebene Schere für hohe Schneidkräfte,Durchtrennen von Karosserieteilen zur Personenrettung,Rettungssatz,nein,HLF 20;RW;LF 20,,Stück,DE,hoch
Hydraulischer Spreizer,Rettungsspreizer;Spreizer,,Technische Hilfeleistung,Hydraulische Rettung,Hydraulisches Gerät mit spreizenden Armen,"Aufdrücken von Türen, Spreizen und Ziehen von Bauteilen",Rettungssatz,nein,HLF 20;RW;LF 20,,Stück,DE,hoch
Rettungszylinder,Teleskopzylinder;Rettungszylinder,,Technische Hilfeleistung,Hydraulische Rettung,Hydraulischer Druckzylinder variabler Länge,"Wegdrücken von Fahrzeugteilen, z. B. zwischen A- und B-Säule",Rettungssatz,nein,RW;HLF 20,,Stück,DE,mittel
Kombigerät,Kombiwerkzeug;Combi-Tool,,Technische Hilfeleistung,Hydraulische Rettung,Vereint Schneiden und Spreizen in einem Gerät,Kompakte Rettung wo Schere und Spreizer einzeln fehlen,Rettungssatz,nein,LF 20;MLF;TSF-W,,Stück,DE,mittel
Hydraulikaggregat,Hydraulikpumpe;Motorpumpe;Aggregat,,Technische Hilfeleistung,Hydraulische Rettung,Motor- oder akkubetriebene Pumpe die Hydrauliköl unter Hochdruck fördert,Antrieb der hydraulischen Rettungsgeräte,,nein,HLF 20;RW,,Stück,DE,mittel
Pedalschneider,Pedalschere,,Technische Hilfeleistung,Hydraulische Rettung,Kleine hydraulische/mechanische Schere,Durchtrennen von Pedalen und dünnen Bauteilen im Fußraum,Rettungssatz,nein,RW;HLF 20,,Stück,DE,niedrig
Rettungsplattform,Stab-Pack;Stabfast;Abstützsystem,,Technische Hilfeleistung,Stabilisierung,System aus Stützen und Zurrgurten,Stabilisieren verunfallter Fahrzeuge gegen Wegrollen/Kippen,,ja,RW;HLF 20,,Satz,DE,mittel
Hebekissen,pneumatisches Hebekissen;Hebesack,,Technische Hilfeleistung,Heben & Bewegen,Mit Druckluft füllbares Kissen mit hoher Hubkraft,"Anheben schwerer Lasten, Befreien eingeklemmter Personen",,nein,RW;HLF 20,,Satz,DE,hoch
Mehrzweckzug,Greifzug;Seilzug,,Technische Hilfeleistung,Heben & Bewegen,Handbetriebenes Drahtseil-Zuggerät mit Ratsche,"Ziehen, Heben und Sichern schwerer Lasten",,nein,RW;HLF 20;LF 20,,Stück,DE,mittel
Trennschleifer,Rettungssäge;Winkelschleifer,,Technische Hilfeleistung,Schneiden,Motor- oder akkubetriebenes Gerät mit Trennscheibe,Trennen von Metall und Stein,,nein,RW;HLF 20;LF 20,,Stück,DE,hoch
Motorsäge,Kettensäge,,Technische Hilfeleistung,Schneiden,Motorbetriebene Kettensäge,"Beseitigen von Bäumen und Holzhindernissen, Sturmschäden",,nein,LF 20;HLF 20;RW;GW-L,,Stück,DE,hoch
Säbelsäge,Reciprosäge;Tigersäge,,Technische Hilfeleistung,Schneiden,Elektrische Säge mit hin- und hergehendem Sägeblatt,Trennen von Blech/Holz an schwer zugänglichen Stellen,Werkzeugkoffer,nein,RW;HLF 20,,Stück,DE,mittel
Bolzenschneider,Bolzenschere,,Technische Hilfeleistung,Schneiden,Große Hebelschere für Rundstahl und Ketten,"Durchtrennen von Schlössern, Ketten und Gittern",,nein,LF 20;HLF 20;RW,,Stück,DE,hoch
Brechstange,Kuhfuß;Nageleisen;Brecheisen,,Technische Hilfeleistung,Rüstwerkzeug,Stahlstange mit Klaue und Spitze,"Aufhebeln von Türen, Fenstern und Verkleidungen",,nein,LF 20;HLF 20;RW,,Stück,DE,hoch
Halligan-Tool,Hooligan-Tool;Halligan,,Technische Hilfeleistung,Rüstwerkzeug,"Mehrzweck-Brechwerkzeug mit Klaue, Spitze und Flachkeil",Türen und Zugänge gewaltsam öffnen,,nein,HLF 20;LF 20,,Stück,DE,mittel
Rettungsaxt,Feuerwehraxt;Spalthammer;Nageleisen,,Technische Hilfeleistung,Rüstwerkzeug,Schwere Axt/Hammer zum Öffnen und Zerteilen,"Öffnen von Konstruktionen, Freischlagen von Zugängen",,nein,LF 20;HLF 20;RW,,Stück,DE,mittel
Vorschlaghammer,Fäustel;Schlaghammer,,Technische Hilfeleistung,Rüstwerkzeug,Schwerer Hammer mit langem Stiel,Einschlagen und Zertrümmern von Bauteilen,,nein,LF 20;HLF 20;RW,,Stück,DE,hoch
Spaten,Schaufel;Feldspaten,,Technische Hilfeleistung,Rüstwerkzeug,Handwerkzeug zum Graben und Räumen,"Erdarbeiten, Abstreuen und Räumen von Material",,nein,LF 20;HLF 20;GW-L,,Stück,DE,mittel
Unterbaumaterial,Rüstholz;Holzklötze;Keile,,Technische Hilfeleistung,Stabilisierung,Holzklötze und Keile verschiedener Größe,Unterbauen und Stabilisieren von Lasten und Fahrzeugen,Rüstholzkiste,nein,RW;HLF 20,,Satz,DE,mittel
Glassäge,Glasmanagement-Säge,,Technische Hilfeleistung,Glasmanagement,Feine Säge für Verbund-/Sicherheitsglas,Kontrolliertes Entfernen von Fahrzeugscheiben,Glasmanagement-Set,nein,RW;HLF 20,,Stück,DE,mittel
Federkörner,Nothammer;Körner,,Technische Hilfeleistung,Glasmanagement,Federbelasteter Körner zum Zerspringen von ESG,Seitenscheiben (Einscheibensicherheitsglas) gezielt zerstören,Glasmanagement-Set,nein,RW;HLF 20;LF 20,,Stück,DE,mittel
Steckleiter,Steckleiterteil,,Leitern,tragbare Leitern,Aus mehreren Teilen zusammensteckbare Leiter,"Rettung und Zugang bis in mittlere Höhen, auch als Behelfsbrücke",,nein,LF 20;HLF 20;TSF-W;LF 10,DIN EN 1147,4 Teile,DE,hoch
Klappleiter,Multiplicatorleiter (klein),,Leitern,tragbare Leitern,Zusammenklappbare kurze Leiter,Zugang zu Kellern und niedrigen Ebenen in engen Räumen,,nein,LF 20;HLF 20,DIN EN 1147,Stück,DE,mittel
Hakenleiter,Dachleiter,,Leitern,tragbare Leitern,Leiter mit Einhängehaken am oberen Ende,Aufstieg an Fassaden/über Dächer durch Einhängen,,nein,LF 20;DLK;RW,DIN EN 1147,Stück,DE,mittel
Dreiteilige Schiebleiter,Schiebleiter,,Leitern,tragbare Leitern,Mit Seilzug ausziehbare dreiteilige Leiter,Rettung und Zugang bis ca. 3. Obergeschoss,,nein,LF 20;HLF 20,DIN EN 1147,Stück,DE,mittel
Sprungrettungsgerät,Sprungpolster;Sprungkissen,SP 16,Rettung & Absturzsicherung,Sprungrettung,Luftgefülltes Polster als Auffangfläche,Auffangen abspringender Personen aus geringer Höhe,,nein,RW;DLK;GW,DIN 14151,Stück,DE,mittel
Feuerwehrleine,Fangleine;Rettungsleine,FL,Rettung & Absturzsicherung,Leinen,Reißfeste Leine in der Leinenbeutel,"Selbst- und Fremdrettung, Sichern, Halten und Absuchen",Feuerwehrleinenbeutel,nein,LF 20;HLF 20;TLF;TSF-W,DIN 14920,Stück,DE,hoch
Mehrzweckleine,Arbeitsleine,,Rettung & Absturzsicherung,Leinen,Dünne Leine für Arbeits- und Sicherungszwecke,"Gerät hochziehen, Absperren, behelfsmäßiges Sichern",,nein,LF 20;HLF 20,DIN 14920,Stück,DE,mittel
Rettungstuch,Bergetuch,,Rettung & Absturzsicherung,Rettungsmittel,Stabiles Tuch mit Griffen,Tragen und Retten von Personen aus Gefahrenbereichen,,nein,LF 20;HLF 20;RW,DIN 14152,Stück,DE,mittel
Feuerwehr-Haltegurt,Sicherheitsgurt;Feuerwehrgurt,,Rettung & Absturzsicherung,Absturzsicherung,Gurt mit Karabinerhaken (Teil der PSA),Halten und behelfsmäßiges Sichern gegen Absturz,,nein,LF 20;HLF 20;DLK,DIN 14927,Stück,DE,mittel
Auffanggurt,Sitzgurt;Klettergurt,,Rettung & Absturzsicherung,Absturzsicherung,Gurtsystem für Absturzsicherungs-Sätze,Sichern der Einsatzkräfte bei Absturzgefahr,Absturzsicherungssatz,nein,RW;DLK;GW-Höhenrettung,,Stück,DE,mittel
Abseilgerät,Abseilachter;Abseil- und Rettungsgerät,,Rettung & Absturzsicherung,Absturzsicherung,Bremsgerät für kontrolliertes Ablassen an der Leine,Abseilen und Ablassen von Personen,Absturzsicherungssatz,nein,GW-Höhenrettung;RW,,Stück,DE,niedrig
Bandschlingen- und Karabinerset,Karabiner;Bandschlinge,,Rettung & Absturzsicherung,Absturzsicherung,Set aus Karabinern und Bandschlingen,Fixpunkte setzen und Sicherungen aufbauen,Absturzsicherungssatz,nein,RW;GW,,Satz,DE,niedrig
Pressluftatmer,Atemschutzgerät;PA;umluftunabhängiges Atemschutzgerät,PA,Atemschutz,Atemschutzgerät,Umluftunabhängiges Atemschutzgerät mit Druckluftflasche,Atemschutz in Rauch und sauerstoffarmer Umgebung,,nein,LF 20;HLF 20;TLF;RW,DIN EN 137,Stück,DE,hoch
Atemluftflasche,Pressluftflasche;Atemschutzflasche;Stahlflasche,,Atemschutz,Atemschutzgerät,"Druckluftflasche 6/6,8 l für den Pressluftatmer",Luftvorrat für das Atemschutzgerät,,nein,LF 20;HLF 20;TLF;GW-Atemschutz,,Stück,DE,hoch
Atemschutzmaske,Vollmaske;Maske,,Atemschutz,Atemschutzgerät,Vollgesichtsmaske mit Anschluss für Lungenautomat,Dichter Abschluss von Atemwegen und Augen,,nein,LF 20;HLF 20;TLF;RW,DIN EN 136,Stück,DE,hoch
Lungenautomat,LA,LA,Atemschutz,Atemschutzgerät,Ventil das die Atemluft dosiert an die Maske abgibt,Verbindung von Flasche/Regler und Maske,,nein,LF 20;HLF 20;TLF,DIN EN 137,Stück,DE,mittel
Fluchthaube,Selbstretter;Rettungshaube;Brandfluchthaube,,Atemschutz,Selbstrettung,Haube mit Filter/Kurzzeitluft für Notausstieg,Kurzzeitige Selbstrettung oder Rettung Dritter aus Rauch,,nein,HLF 20;RW;ELW,,Stück,DE,mittel
Atemschutzüberwachungstafel,Überwachungstafel;AGT-Tafel,,Atemschutz,Überwachung,Tafel zur Dokumentation eingesetzter Atemschutztrupps,Überwachen von Einsatzzeit und Rückzugsdruck,,nein,LF 20;HLF 20;ELW,,Stück,DE,mittel
Totmannwarner,Bewegungslosmelder;PASS;Totmannmelder,,Atemschutz,Sicherheit,Gerät das bei Bewegungslosigkeit akustisch alarmiert,Auffinden bewusstloser/verschütteter Atemschutzgeräteträger,,nein,LF 20;HLF 20,,Stück,DE,mittel
Feuerwehrhelm,Helm;Einsatzhelm,,PSA / Schutzausrüstung,Kopfschutz,Helm mit Nackenschutz und Visier,"Schutz von Kopf, Gesicht und Nacken",,nein,alle,DIN EN 443,Stück,DE,hoch
Feuerwehrschutzanzug,Einsatzjacke;Überjacke;Überhose,,PSA / Schutzausrüstung,Körperschutz,Flammhemmende Schutzkleidung (Jacke und Hose),"Schutz vor Hitze, Flammen und mechanischer Einwirkung",,nein,alle,DIN EN 469,Satz,DE,hoch
Feuerwehrstiefel,Einsatzstiefel;Sicherheitsstiefel,,PSA / Schutzausrüstung,Fußschutz,Stiefel mit Zehen- und Durchtrittschutz,Fuß- und Knöchelschutz im Einsatz,,nein,alle,DIN EN 15090,Paar,DE,hoch
Feuerwehrhandschuhe,Schutzhandschuhe;Einsatzhandschuhe,,PSA / Schutzausrüstung,Handschutz,Flammhemmende Handschuhe mit Schnittschutz,Schutz der Hände vor Hitze und Verletzung,,nein,alle,DIN EN 659,Paar,DE,hoch
Flammschutzhaube,Nomexhaube;Brandschutzhaube,,PSA / Schutzausrüstung,Kopfschutz,Textile Haube unter dem Helm,Schutz von Hals und Kopfpartie vor Flammen und Hitze,,nein,LF 20;HLF 20;TLF,DIN EN 13911,Stück,DE,mittel
Feuerwehrbeil,Beil;Rettungsbeil,,PSA / Schutzausrüstung,Zusatzausrüstung,Kleines Beil in Schutztasche am Gurt,"Freischlagen, Zertrümmern kleiner Bauteile",,nein,LF 20;HLF 20;DLK,DIN 14924,Stück,DE,mittel
Warnkleidung,Warnweste;Sicherheitsweste,,PSA / Schutzausrüstung,Warnschutz,Hochsichtbare Weste/Jacke mit Reflexstreifen,Sichtbarkeit an Einsatzstellen im Verkehrsraum,Verkehrssicherungskoffer,nein,alle,DIN EN ISO 20471,Stück,DE,hoch
Helmlampe,Helmleuchte;Kopflampe,,PSA / Schutzausrüstung,Zusatzausrüstung,Am Helm befestigte Leuchte,Beleuchtung im Nahbereich mit freien Händen,,nein,LF 20;HLF 20;TLF,,Stück,DE,mittel
Hitzeschutzkleidung,Hitzeschutzanzug;Alukleidung,Form I-III,PSA / Schutzausrüstung,Sonderschutz,Aluminisierter Anzug gegen hohe Wärmestrahlung,Annäherung an sehr heiße Brandherde,Hitzeschutzkoffer,nein,GW;RW;TLF,,Satz,DE,mittel
Chemikalienschutzanzug,CSA;Vollschutzanzug,CSA,PSA / Schutzausrüstung,Sonderschutz,Gasdichter Vollschutzanzug,Schutz vor Chemikalien und Gefahrstoffen (mit PA darunter),Gefahrgutausstattung,nein,GW-G;RW,DIN EN 943,Stück,DE,mittel
Stromerzeuger,Notstromaggregat;Generator;SEA,SEA 5,Beleuchtung & Stromversorgung,Stromversorgung,Motorbetriebener Generator mit 230/400 V Steckdosen,Stromversorgung für Beleuchtung und Elektrogeräte,,nein,LF 20;HLF 20;RW;GW-L,DIN 14685,Stück,DE,hoch
Flutlichtstrahler,Scheinwerfer;Flutlicht;Arbeitsscheinwerfer,,Beleuchtung & Stromversorgung,Beleuchtung,Leistungsstarker Strahler (LED/Halogen) auf Stativ,Großflächige Ausleuchtung der Einsatzstelle,,nein,LF 20;HLF 20;RW;GW-L,,Stück,DE,hoch
Beleuchtungsstativ,Leuchtenstativ;Stativ,,Beleuchtung & Stromversorgung,Beleuchtung,Teleskopstativ zur Aufnahme von Scheinwerfern,Scheinwerfer in Höhe positionieren,,nein,LF 20;HLF 20;RW,,Stück,DE,mittel
Lichtmast,Teleskoplichtmast;Lichtgirlande,,Beleuchtung & Stromversorgung,Beleuchtung,Ausfahrbarer beleuchteter Mast am Fahrzeug,Weiträumige Ausleuchtung vom Fahrzeug aus,,nein,RW;GW-L;ELW,,fest eingebaut,DE,mittel
Lichtballon,Powermoon;Beleuchtungsballon,,Beleuchtung & Stromversorgung,Beleuchtung,Aufblasbarer beleuchteter Ballon,Blendfreie Rundum-Ausleuchtung großer Flächen,,nein,RW;GW-L;ELW,,Stück,DE,mittel
Kabeltrommel,Leitungsroller;Verlängerungstrommel,,Beleuchtung & Stromversorgung,Stromversorgung,Trommel mit Gummischlauchleitung und Steckdosen,Stromverteilung über größere Entfernungen,,nein,LF 20;HLF 20;RW;GW-L,DIN 14680,Stück,DE,mittel
Baustromverteiler,Stromverteiler;Verteilerbox,,Beleuchtung & Stromversorgung,Stromversorgung,Mobiler Verteiler mit mehreren abgesicherten Abgängen,Aufteilen der Generatorleistung auf mehrere Geräte,,nein,RW;GW-L,,Stück,DE,mittel
Handscheinwerfer,Handlampe;Handleuchte;Taschenlampe,,Beleuchtung & Stromversorgung,Beleuchtung,Tragbare (ex-geschützte) Akkuleuchte,Beleuchtung im Nahbereich und bei Personensuche,,nein,alle,,Stück,DE,mittel
Handsprechfunkgerät,Funkgerät;HRT;Handfunkgerät,HRT,Kommunikation & Führung,Funk,Tragbares digitales/analoges Sprechfunkgerät,Kommunikation der Trupps an der Einsatzstelle,,nein,alle,,Stück,DE,hoch
Fahrzeugfunkgerät,MRT;Feststation (mobil),MRT,Kommunikation & Führung,Funk,Im Fahrzeug fest eingebautes Funkgerät,Verbindung zur Leitstelle und zwischen Fahrzeugen,,nein,alle,,fest eingebaut,DE,mittel
Meldeempfänger,Pager;DME;Piepser,DME,Kommunikation & Führung,Alarmierung,Kleiner Funkempfänger zur stillen Alarmierung,Alarmierung der Einsatzkräfte,,nein,persönlich,,Stück,DE,mittel
Handlautsprecher,Megafon;Flüstertüte,,Kommunikation & Führung,Durchsage,Batteriebetriebener Lautsprecher mit Mikrofon,Durchsagen und Warnungen an größere Personengruppen,,nein,ELW;LF 20;HLF 20,,Stück,DE,mittel
Einsatzleiterkoffer,Führungskoffer;ELW-Koffer,,Kommunikation & Führung,Führung,"Koffer mit Führungsmitteln (Karten, Vordrucke, Marker)",Führungsunterstützung des Einsatzleiters,,ja,ELW;KdoW,,Stück,DE,mittel
Einsatztafel,Führungstafel;Magnettafel;Whiteboard,,Kommunikation & Führung,Führung,Tafel zur Lagedarstellung mit Symbolen/Magneten,Visualisieren von Lage und Kräfteeinsatz,,nein,ELW,,Stück,DE,niedrig
Fernglas,Feldstecher,,Kommunikation & Führung,Erkundung,Optisches Vergrößerungsgerät,Erkundung und Beobachtung aus Distanz,,nein,ELW;KdoW,,Stück,DE,niedrig
Verkehrsleitkegel,Pylone;Leitkegel;Lübecker Hütchen;Verkehrshütchen,,Verkehrsabsicherung & Warnung,Absperrung,Kegel aus Kunststoff (meist 50/75 cm) mit Reflexring,Absperren und Leiten des Verkehrs an der Einsatzstelle,Verkehrssicherungskoffer,nein,LF 20;HLF 20;RW;ELW,,Stück,DE,hoch
Warndreieck,Pannendreieck,,Verkehrsabsicherung & Warnung,Warnung,Reflektierendes Dreieck als Gefahrenzeichen,Frühzeitiges Warnen des fließenden Verkehrs,Verkehrssicherungskoffer,nein,alle,,Stück,DE,hoch
Warnblitzleuchte,Blitzleuchte;Warnleuchte;Rundumkennleuchte (mobil),,Verkehrsabsicherung & Warnung,Warnung,Batteriebetriebene gelbe Blitz-/Warnleuchte,Kennzeichnen von Kegeln und Gefahrenstellen bei Nacht,Verkehrssicherungskoffer,nein,LF 20;HLF 20;RW,,Stück,DE,hoch
Faltsignal,Faltdreieck;Verkehrswarngerät,,Verkehrsabsicherung & Warnung,Warnung,Zusammenfaltbares großes Warnzeichen,Weithin sichtbare Vorwarnung im Verkehrsraum,Verkehrssicherungskoffer,nein,LF 20;HLF 20;ELW,,Stück,DE,mittel
Absperrband,Flatterband;Trassierband,,Verkehrsabsicherung & Warnung,Absperrung,Rot-weißes Kunststoffband auf Rolle,Kennzeichnen und Absperren von Gefahrenbereichen,,nein,alle,,Rolle,DE,mittel
Verkehrsleitstab,Winkerkelle;Anhaltestab;Signalstab,,Verkehrsabsicherung & Warnung,Verkehrslenkung,Leuchtender Stab zur Verkehrsregelung,Anhalten und Lenken von Fahrzeugen,Verkehrssicherungskoffer,nein,ELW;LF 20;HLF 20,,Stück,DE,niedrig
Kennzeichnungsweste,Funktionsweste;Führungsweste,,Kennzeichnung & Sonstiges,Kennzeichnung,Farbige Weste mit Funktionsaufschrift (z. B. Gruppenführer),Erkennbarkeit von Funktionen an der Einsatzstelle,,nein,alle,,Stück,DE,mittel
Unterlegkeil,Bremskeil;Radkeil,,Kennzeichnung & Sonstiges,Fahrzeugzubehör,Keil zum Sichern des abgestellten Fahrzeugs,Fahrzeug gegen Wegrollen sichern,,nein,alle,DIN 76051,Stück,DE,mittel
Verbandkasten,Erste-Hilfe-Koffer;Sanitätskasten;Verbandskasten,,Sanität / Erste Hilfe,Erstversorgung,Koffer/Tasche mit Verbandmaterial nach Norm,Erstversorgung von Verletzten,,ja,alle,DIN 13157,Stück,DE,hoch
Notfallkoffer,Sauerstoffkoffer;Erste-Hilfe-Notfallkoffer,,Sanität / Erste Hilfe,Erstversorgung,Koffer mit erweiterter Notfallausstattung und O2,Erweiterte medizinische Erstversorgung,,ja,RW;ELW;GW-San,DIN 13232,Stück,DE,mittel
Krankentrage,Trage;Tragestuhl,,Sanität / Erste Hilfe,Transport,Zusammenklappbare Trage,Transport liegender Patienten,,nein,RW;GW-San;LF 20,DIN 13024,Stück,DE,mittel
Schaufeltrage,Scoop;Klapptrage,,Sanität / Erste Hilfe,Transport,Zweiteilige Trage die unter den Patienten geschoben wird,Schonende Aufnahme Verletzter,,nein,RW;GW-San,,Stück,DE,mittel
Spineboard,Rettungsbrett;Backboard,,Sanität / Erste Hilfe,Transport,Starres Brett mit Fixiergurten und Kopffixierung,Achsengerechte Rettung bei Wirbelsäulenverdacht,,nein,RW;HLF 20;GW-San,,Stück,DE,mittel
Rettungsdecke,Wärmedecke;Alufolie;Isolierdecke,,Sanität / Erste Hilfe,Erstversorgung,Metallbeschichtete Folie gegen Wärmeverlust,Schutz vor Auskühlung / Überhitzung,,nein,alle,,Stück,DE,mittel
Mehrgasmessgerät,Gaswarngerät;Gasmessgerät;Vier-Gas-Messgerät,,Messtechnik & Gefahrgut,Messtechnik,Tragbares Gerät zur Messung mehrerer Gase gleichzeitig,"Überwachen von Ex, O2, CO und H2S an der Einsatzstelle",,nein,HLF 20;GW-G;ELW,,Stück,DE,hoch
CO-Warner,Kohlenmonoxid-Warner;CO-Melder,,Messtechnik & Gefahrgut,Messtechnik,Persönliches Messgerät für Kohlenmonoxid,Frühwarnung vor CO im Innenangriff,,nein,HLF 20;LF 20,,Stück,DE,mittel
Ex-Messgerät,Explosimeter;Ex-Warngerät,,Messtechnik & Gefahrgut,Messtechnik,Gerät zur Messung explosionsfähiger Gemische,Erkennen von Explosionsgefahr (untere Explosionsgrenze),,nein,GW-G;HLF 20,,Stück,DE,mittel
Prüfröhrchen,Gasspürröhrchen;Dräger-Röhrchen,,Messtechnik & Gefahrgut,Messtechnik,Röhrchen mit Reagenz für bestimmte Stoffe,Nachweis und grobe Konzentration einzelner Gefahrstoffe,Gefahrgutkoffer,nein,GW-G,,Satz,DE,niedrig
Ölbindemittel,Ölbinder;Bindemittel Typ III,,Messtechnik & Gefahrgut,Umwelt,Granulat/Vlies zum Aufnehmen von Ölen,Binden ausgelaufener Öle und Kraftstoffe,,nein,LF 20;HLF 20;RW;GW-G,,Sack,DE,hoch
Auffangbehälter,Auffangwanne;Leckwanne,,Messtechnik & Gefahrgut,Umwelt,Wanne/Behälter zum Auffangen auslaufender Stoffe,Auffangen von Leckagen und kontaminiertem Wasser,,ja,GW-G;RW,,Stück,DE,mittel
Leckdichtset,Dichtkissen;Dichtungsmaterial;Leckabdichtset,,Messtechnik & Gefahrgut,Umwelt,"Satz aus Kissen, Keilen und Bandagen",Provisorisches Abdichten von Leckagen an Behältern,Gefahrgutkoffer,nein,GW-G;RW,,Satz,DE,niedrig
Erdungsgarnitur,Erdungssatz;Potenzialausgleich,,Messtechnik & Gefahrgut,Umwelt,Kabel mit Erdspieß und Klemmen,Erden von Behältern gegen elektrostatische Aufladung,Gefahrgutkoffer,nein,GW-G,,Satz,DE,niedrig
Gefahrgut-Nachschlagewerk,Hommel;ERICARD;Nachschlagewerk Gefahrgut,,Messtechnik & Gefahrgut,Information,Handbuch/Karten zu Gefahrstoffen und Maßnahmen,Nachschlagen von Stoffdaten und Erstmaßnahmen,,nein,GW-G;ELW,,Stück,DE,niedrig
Schraubendreher-Satz,Schraubenzieher;Schraubendrehersatz,,Werkzeug & Rüstzeug,Handwerkzeug,Set Schlitz-/Kreuzschraubendreher verschiedener Größen,Lösen und Festziehen von Schrauben,Werkzeugkoffer,nein,LF 20;HLF 20;RW,,Satz,DE,hoch
Hammer,Schlosserhammer;Klauenhammer,,Werkzeug & Rüstzeug,Handwerkzeug,Universeller Handhammer,Schlagen und Nageln bei Rüstarbeiten,Werkzeugkoffer,nein,LF 20;HLF 20;RW,,Stück,DE,mittel
Zange,Kombizange;Seitenschneider;Beißzange,,Werkzeug & Rüstzeug,Handwerkzeug,Greif- und Schneidzange,"Greifen, Halten und Durchtrennen von Drähten",Werkzeugkoffer,nein,LF 20;HLF 20;RW,,Stück,DE,mittel
Wasserpumpenzange,Rohrzange;Pumpenzange,,Werkzeug & Rüstzeug,Handwerkzeug,Verstellbare Greifzange für Rohre und Muttern,"Rohre, Verschraubungen und Ventile bewegen",Werkzeugkoffer,nein,LF 20;HLF 20;RW,,Stück,DE,mittel
Ring-Maulschlüsselsatz,Schraubenschlüsselsatz;Gabelschlüssel,,Werkzeug & Rüstzeug,Handwerkzeug,Satz Ring- und Maulschlüssel verschiedener Weiten,Verschraubungen lösen und anziehen,Werkzeugkoffer,nein,LF 20;HLF 20;RW,,Satz,DE,mittel
Bügelsäge,Metallsäge;Handsäge,,Werkzeug & Rüstzeug,Handwerkzeug,Handsäge mit auswechselbarem Sägeblatt,Trennen von Metall und Holz von Hand,Werkzeugkoffer,nein,LF 20;HLF 20;RW,,Stück,DE,mittel
Kabelmesser,Elektrikermesser;Klappmesser,,Werkzeug & Rüstzeug,Handwerkzeug,Klappmesser mit Klinge und Haken,"Schneiden von Leitungen, Gurten und Material",,nein,persönlich;LF 20;HLF 20,,Stück,DE,niedrig
Isolierband,Klebeband;Panzerband;Gewebeband,,Werkzeug & Rüstzeug,Verbrauchsmittel,Klebeband für Isolier- und Fixierarbeiten,"Isolieren, Kennzeichnen und provisorisch Befestigen",Werkzeugkoffer,nein,LF 20;HLF 20;RW,,Rolle,DE,niedrig
Wassersauger,Nasssauger;Industriesauger,,Wasserschaden & Umwelt,Wasserschaden,Sauger für Nass- und Trockenschmutz,Aufnehmen von Restwasser in Gebäuden,,nein,GW-L;RW,,Stück,DE,mittel
Wasserschieber,Gummiwischer;Flutschieber;Wasserabzieher,,Wasserschaden & Umwelt,Wasserschaden,Breiter Gummischieber mit Stiel,Restwasser aus Räumen zusammenschieben,,nein,LF 20;GW-L,,Stück,DE,mittel
Faltbehälter,Faltbecken;Wasserbehälter;Faltwanne,,Wasserschaden & Umwelt,Wasserversorgung,Zusammenfaltbarer offener Wasserbehälter,Pufferspeicher für Löschwasser im Pendelverkehr,,ja,TLF;GW-L;LF 20,,Stück,DE,mittel
Kanaldichtkissen,Gully-Ei;Kanaldichtstopfen;Abwasserblase,,Wasserschaden & Umwelt,Umwelt,Aufblasbares Kissen zum Verschließen von Kanälen,Verhindern dass Schadstoffe in die Kanalisation gelangen,Gefahrgutkoffer,nein,GW-G;RW,,Stück,DE,niedrig
Verkehrssicherungskoffer,Verkehrsabsicherungskoffer;Warnkoffer,,Behälter & Sets,Container,Koffer/Kiste mit Warn- und Absperrmaterial,"Bündelt Warnwesten, Leuchten und Kleinmaterial zur Absicherung",,ja,LF 20;HLF 20;RW;ELW,,Stück,DE,mittel
Werkzeugkoffer,Werkzeugkasten;Werkzeugkiste,,Behälter & Sets,Container,Kasten mit Handwerkzeug-Grundausstattung,Trägt das Handwerkzeug gebündelt am Fahrzeug,,ja,LF 20;HLF 20;RW,,Stück,DE,mittel
Rüstholzkiste,Unterbaukiste;Holzkiste,,Behälter & Sets,Container,"Kiste mit Kanthölzern, Keilen und Brettern",Bevorratung von Unterbau- und Stabilisierungsmaterial,,ja,RW;HLF 20,,Stück,DE,niedrig
Gefahrgutkoffer,Ölwehrkoffer;GAMS-Koffer,,Behälter & Sets,Container,Koffer mit Erstmaßnahmen-Material für Gefahrgut,"Bündelt Dicht-, Mess- und Schutzmaterial für den Erstangriff",,ja,GW-G;RW;HLF 20,,Stück,DE,niedrig
Glasmanagement-Set,Glasmanagement-Koffer;Scheibenmanagement,,Behälter & Sets,Container,"Set aus Glassäge, Federkörner, Abdeckungen",Kontrolliertes Entfernen und Abdecken von Fahrzeugglas,,ja,RW;HLF 20,,Stück,DE,mittel
Absturzsicherungssatz,Absturzsicherungs-Set;Höhensicherungssatz,,Behälter & Sets,Container,"Satz aus Gurten, Seil, Karabinern und Abseilgerät",Sichern von Einsatzkräften gegen Absturz,,ja,RW;DLK;HLF 20,,Satz,DE,mittel
